Workbook

Sheet Данные
A1: Задача 2.9. Данные и подготовительные суммы
A2: Вся книга считается формулами: измените Y или X — пересчитаются все четыре пункта.
A4: t | B4: Y | C4: X | D4: x = X − X̄ | E4: y = Y − Ȳ | G4: Величина | H4: Значение | I4: Как считается в Excel
A5: 1 | B5: 70 | C5: 5 | D5: =C5-$C$16 | E5: =B5-$B$16 | G5: n | H5: =COUNT(B5:B14) | I5: =СЧЁТ(B5:B14)
A6: 2 | B6: 65 | C6: 11 | D6: =C6-$C$16 | E6: =B6-$B$16 | G6: ΣX | H6: =SUM(C5:C14) | I6: =СУММ(C5:C14)
A7: 3 | B7: 55 | C7: 15 | D7: =C7-$C$16 | E7: =B7-$B$16 | G7: ΣY | H7: =SUM(B5:B14) | I7: =СУММ(B5:B14)
A8: 4 | B8: 60 | C8: 17 | D8: =C8-$C$16 | E8: =B8-$B$16 | G8: ΣX² | H8: =SUMSQ(C5:C14) | I8: =СУММКВ(C5:C14)
A9: 5 | B9: 50 | C9: 20 | D9: =C9-$C$16 | E9: =B9-$B$16 | G9: ΣY² | H9: =SUMSQ(B5:B14) | I9: =СУММКВ(B5:B14)
A10: 6 | B10: 35 | C10: 22 | D10: =C10-$C$16 | E10: =B10-$B$16 | G10: ΣXY | H10: =SUMPRODUCT(B5:B14,C5:C14) | I10: =СУММПРОИЗВ(B5:B14;C5:C14)
A11: 7 | B11: 40 | C11: 25 | D11: =C11-$C$16 | E11: =B11-$B$16 | G11: X̄ | H11: =AVERAGE(C5:C14) | I11: =СРЗНАЧ(C5:C14)
A12: 8 | B12: 30 | C12: 27 | D12: =C12-$C$16 | E12: =B12-$B$16 | G12: Ȳ | H12: =AVERAGE(B5:B14) | I12: =СРЗНАЧ(B5:B14)
A13: 9 | B13: 25 | C13: 30 | D13: =C13-$C$16 | E13: =B13-$B$16 | G13: Σx² | H13: =SUMSQ(D5:D14) | I13: =СУММКВ(D5:D14)
A14: 10 | B14: 32 | C14: 35 | D14: =C14-$C$16 | E14: =B14-$B$16 | G14: Σxy | H14: =SUMPRODUCT(D5:D14,E5:E14) | I14: =СУММПРОИЗВ(D5:D14;E5:E14)
A15: Сумма | B15: =SUM(B5:B14) | C15: =SUM(C5:C14) | D15: =SUM(D5:D14) | E15: =SUM(E5:E14) | G15: Σy² | H15: =SUMSQ(E5:E14) | I15: =СУММКВ(E5:E14)
A16: Среднее | B16: =AVERAGE(B5:B14) | C16: =AVERAGE(C5:C14)
G17: Проверка: суммы в отклонениях через исходные суммы
G18: ΣX² − (ΣX)²/n | H18: =H8-H6^2/H5 | I18: должно совпасть с Σx² = 738,10
G19: ΣXY − ΣX·ΣY/n | H19: =H10-H6*H7/H5 | I19: должно совпасть с Σxy = −1203,40

Sheet а) с константой
A1: а) Регрессия Y на X со свободным членом
A2: Оценки МНК: β̂ = Σxy/Σx², α̂ = Ȳ − β̂·X̄
A4: β̂ | B4: =Данные!H14/Данные!H13
A5: α̂ | B5: =Данные!H12-B4*Данные!H11
A7: t | B7: Y | C7: X | D7: Ŷ = α̂ + β̂·X | E7: e = Y − Ŷ | F7: (Ŷ − Ȳ)² | G7: e² | H7: (Y − Ȳ)²
A8: 1 | B8: =Данные!B5 | C8: =Данные!C5 | D8: =$B$5+$B$4*C8 | E8: =B8-D8 | F8: =(D8-Данные!$H$12)^2 | G8: =E8^2 | H8: =(B8-Данные!$H$12)^2
A9: 2 | B9: =Данные!B6 | C9: =Данные!C6 | D9: =$B$5+$B$4*C9 | E9: =B9-D9 | F9: =(D9-Данные!$H$12)^2 | G9: =E9^2 | H9: =(B9-Данные!$H$12)^2
A10: 3 | B10: =Данные!B7 | C10: =Данные!C7 | D10: =$B$5+$B$4*C10 | E10: =B10-D10 | F10: =(D10-Данные!$H$12)^2 | G10: =E10^2 | H10: =(B10-Данные!$H$12)^2
A11: 4 | B11: =Данные!B8 | C11: =Данные!C8 | D11: =$B$5+$B$4*C11 | E11: =B11-D11 | F11: =(D11-Данные!$H$12)^2 | G11: =E11^2 | H11: =(B11-Данные!$H$12)^2
A12: 5 | B12: =Данные!B9 | C12: =Данные!C9 | D12: =$B$5+$B$4*C12 | E12: =B12-D12 | F12: =(D12-Данные!$H$12)^2 | G12: =E12^2 | H12: =(B12-Данные!$H$12)^2
A13: 6 | B13: =Данные!B10 | C13: =Данные!C10 | D13: =$B$5+$B$4*C13 | E13: =B13-D13 | F13: =(D13-Данные!$H$12)^2 | G13: =E13^2 | H13: =(B13-Данные!$H$12)^2
A14: 7 | B14: =Данные!B11 | C14: =Данные!C11 | D14: =$B$5+$B$4*C14 | E14: =B14-D14 | F14: =(D14-Данные!$H$12)^2 | G14: =E14^2 | H14: =(B14-Данные!$H$12)^2
A15: 8 | B15: =Данные!B12 | C15: =Данные!C12 | D15: =$B$5+$B$4*C15 | E15: =B15-D15 | F15: =(D15-Данные!$H$12)^2 | G15: =E15^2 | H15: =(B15-Данные!$H$12)^2
A16: 9 | B16: =Данные!B13 | C16: =Данные!C13 | D16: =$B$5+$B$4*C16 | E16: =B16-D16 | F16: =(D16-Данные!$H$12)^2 | G16: =E16^2 | H16: =(B16-Данные!$H$12)^2
A17: 10 | B17: =Данные!B14 | C17: =Данные!C14 | D17: =$B$5+$B$4*C17 | E17: =B17-D17 | F17: =(D17-Данные!$H$12)^2 | G17: =E17^2 | H17: =(B17-Данные!$H$12)^2
A18: Сумма | E18: =SUM(E8:E17) | F18: =SUM(F8:F17) | G18: =SUM(G8:G17) | H18: =SUM(H8:H17)
A20: RSS = Σ(Ŷ − Ȳ)² | B20: =F18
A21: ESS = Σe² | B21: =G18
A22: TSS = Σ(Y − Ȳ)² | B22: =H18
A23: R² = RSS/TSS | B23: =B20/B22
A24: R² = 1 − ESS/TSS | B24: =1-B21/B22 | C24: оба способа дают одно число
A25: Σe | B25: =E18 | C25: нормальное уравнение: должно быть 0
A26: Проверка: RSS + ESS − TSS | B26: =B20+B21-B22 | C26: разложение TSS = RSS + ESS выполняется

Sheet б) без константы
A1: б) Регрессия Y на X без свободного члена
A2: Оценка без свободного члена: β̂ = ΣXY/ΣX². Константы нет — нет и уравнения Σe = 0
A4: β̂ | B4: =Данные!H10/Данные!H8
A6: t | B6: Y | C6: X | D6: Ŷ = β̂·X | E6: e = Y − Ŷ | F6: (Ŷ − Ȳ)² | G6: e² | H6: (Y − Ȳ)² | I6: Ŷ·e | J6: Ŷ² | K6: Y²
A7: 1 | B7: =Данные!B5 | C7: =Данные!C5 | D7: =$B$4*C7 | E7: =B7-D7 | F7: =(D7-Данные!$H$12)^2 | G7: =E7^2 | H7: =(B7-Данные!$H$12)^2 | I7: =D7*E7 | J7: =D7^2 | K7: =B7^2
A8: 2 | B8: =Данные!B6 | C8: =Данные!C6 | D8: =$B$4*C8 | E8: =B8-D8 | F8: =(D8-Данные!$H$12)^2 | G8: =E8^2 | H8: =(B8-Данные!$H$12)^2 | I8: =D8*E8 | J8: =D8^2 | K8: =B8^2
A9: 3 | B9: =Данные!B7 | C9: =Данные!C7 | D9: =$B$4*C9 | E9: =B9-D9 | F9: =(D9-Данные!$H$12)^2 | G9: =E9^2 | H9: =(B9-Данные!$H$12)^2 | I9: =D9*E9 | J9: =D9^2 | K9: =B9^2
A10: 4 | B10: =Данные!B8 | C10: =Данные!C8 | D10: =$B$4*C10 | E10: =B10-D10 | F10: =(D10-Данные!$H$12)^2 | G10: =E10^2 | H10: =(B10-Данные!$H$12)^2 | I10: =D10*E10 | J10: =D10^2 | K10: =B10^2
A11: 5 | B11: =Данные!B9 | C11: =Данные!C9 | D11: =$B$4*C11 | E11: =B11-D11 | F11: =(D11-Данные!$H$12)^2 | G11: =E11^2 | H11: =(B11-Данные!$H$12)^2 | I11: =D11*E11 | J11: =D11^2 | K11: =B11^2
A12: 6 | B12: =Данные!B10 | C12: =Данные!C10 | D12: =$B$4*C12 | E12: =B12-D12 | F12: =(D12-Данные!$H$12)^2 | G12: =E12^2 | H12: =(B12-Данные!$H$12)^2 | I12: =D12*E12 | J12: =D12^2 | K12: =B12^2
A13: 7 | B13: =Данные!B11 | C13: =Данные!C11 | D13: =$B$4*C13 | E13: =B13-D13 | F13: =(D13-Данные!$H$12)^2 | G13: =E13^2 | H13: =(B13-Данные!$H$12)^2 | I13: =D13*E13 | J13: =D13^2 | K13: =B13^2
A14: 8 | B14: =Данные!B12 | C14: =Данные!C12 | D14: =$B$4*C14 | E14: =B14-D14 | F14: =(D14-Данные!$H$12)^2 | G14: =E14^2 | H14: =(B14-Данные!$H$12)^2 | I14: =D14*E14 | J14: =D14^2 | K14: =B14^2
A15: 9 | B15: =Данные!B13 | C15: =Данные!C13 | D15: =$B$4*C15 | E15: =B15-D15 | F15: =(D15-Данные!$H$12)^2 | G15: =E15^2 | H15: =(B15-Данные!$H$12)^2 | I15: =D15*E15 | J15: =D15^2 | K15: =B15^2
A16: 10 | B16: =Данные!B14 | C16: =Данные!C14 | D16: =$B$4*C16 | E16: =B16-D16 | F16: =(D16-Данные!$H$12)^2 | G16: =E16^2 | H16: =(B16-Данные!$H$12)^2 | I16: =D16*E16 | J16: =D16^2 | K16: =B16^2
A17: Сумма | E17: =SUM(E7:E16) | F17: =SUM(F7:F16) | G17: =SUM(G7:G16) | H17: =SUM(H7:H16) | I17: =SUM(I7:I16) | J17: =SUM(J7:J16) | K17: =SUM(K7:K16)
A19: Σe | B19: =E17 | C19: НЕ равно нулю — источник всех дальнейших бед
A20: RSS = Σ(Ŷ − Ȳ)² | B20: =F17
A21: ESS = Σe² | B21: =G17
A22: TSS = Σ(Y − Ȳ)² | B22: =H17
A23: RSS + ESS | B23: =B20+B21 | C23: TSS не получается
A24: Проверка: RSS + ESS − 2·Ȳ·Σe | B24: =B20+B21-2*Данные!H12*B19 | C24: а так — в точности TSS
A26: Два «коэффициента детерминации»
A27: R² = RSS/TSS | B27: =B20/B22 | C27: больше 1
A28: R² = 1 − ESS/TSS | B28: =1-B21/B22 | C28: меньше 0
A30: Что покажет Excel с флажком «Константа — ноль»
A31: R²ᵤ = 1 − ESS/ΣY² | B31: =1-B21/K17 | C31: нецентрированный R², всегда в [0;1]
A32: R²ᵤ = ΣŶ²/ΣY² | B32: =J17/K17 | C32: то же самое другим способом
A33: Проверка: ΣŶ·e | B33: =I17 | C33: равно 0, отсюда ΣY² = ΣŶ² + Σe²

Sheet в) и г) центрированные
A1: в), г) Регрессия y на x, где x и y — отклонения от средних
A2: Свободный член оценивается точно нулём, поэтому пункты в) и г) совпадают
A4: β̂ = Σxy/Σx² | B4: =Данные!H14/Данные!H13
A5: α̂ = ȳ − β̂·x̄ | B5: =AVERAGE(Данные!E5:E14)-B4*AVERAGE(Данные!D5:D14) | C5: ровно 0: обе средние нулевые
A7: t | B7: x | C7: y | D7: ŷ = α̂ + β̂·x | E7: e = y − ŷ | F7: ŷ² | G7: e² | H7: y²
A8: 1 | B8: =Данные!D5 | C8: =Данные!E5 | D8: =$B$5+$B$4*B8 | E8: =C8-D8 | F8: =D8^2 | G8: =E8^2 | H8: =C8^2
A9: 2 | B9: =Данные!D6 | C9: =Данные!E6 | D9: =$B$5+$B$4*B9 | E9: =C9-D9 | F9: =D9^2 | G9: =E9^2 | H9: =C9^2
A10: 3 | B10: =Данные!D7 | C10: =Данные!E7 | D10: =$B$5+$B$4*B10 | E10: =C10-D10 | F10: =D10^2 | G10: =E10^2 | H10: =C10^2
A11: 4 | B11: =Данные!D8 | C11: =Данные!E8 | D11: =$B$5+$B$4*B11 | E11: =C11-D11 | F11: =D11^2 | G11: =E11^2 | H11: =C11^2
A12: 5 | B12: =Данные!D9 | C12: =Данные!E9 | D12: =$B$5+$B$4*B12 | E12: =C12-D12 | F12: =D12^2 | G12: =E12^2 | H12: =C12^2
A13: 6 | B13: =Данные!D10 | C13: =Данные!E10 | D13: =$B$5+$B$4*B13 | E13: =C13-D13 | F13: =D13^2 | G13: =E13^2 | H13: =C13^2
A14: 7 | B14: =Данные!D11 | C14: =Данные!E11 | D14: =$B$5+$B$4*B14 | E14: =C14-D14 | F14: =D14^2 | G14: =E14^2 | H14: =C14^2
A15: 8 | B15: =Данные!D12 | C15: =Данные!E12 | D15: =$B$5+$B$4*B15 | E15: =C15-D15 | F15: =D15^2 | G15: =E15^2 | H15: =C15^2
A16: 9 | B16: =Данные!D13 | C16: =Данные!E13 | D16: =$B$5+$B$4*B16 | E16: =C16-D16 | F16: =D16^2 | G16: =E16^2 | H16: =C16^2
A17: 10 | B17: =Данные!D14 | C17: =Данные!E14 | D17: =$B$5+$B$4*B17 | E17: =C17-D17 | F17: =D17^2 | G17: =E17^2 | H17: =C17^2
A18: Сумма | E18: =SUM(E8:E17) | F18: =SUM(F8:F17) | G18: =SUM(G8:G17) | H18: =SUM(H8:H17)
A20: Σe | B20: =E18 | C20: равно 0 и без константы: данные центрированы
A21: RSS = Σŷ² | B21: =F18
A22: ESS = Σe² | B22: =G18
A23: TSS = Σy² | B23: =H18
A24: R² = RSS/TSS | B24: =B21/B23
A25: R² = 1 − ESS/TSS | B25: =1-B22/B23 | C25: совпадает с пунктом а)

Sheet Итог
A1: Задача 2.9. Сводка
A3: Пункт | B3: Регрессия | C3: β̂ | D3: R² = RSS/TSS | E3: R² = 1 − ESS/TSS | F3: Комментарий
A4: а) | B4: Y на X со свободным членом | C4: ='а) с константой'!B4 | D4: ='а) с константой'!B23 | E4: ='а) с константой'!B24 | F4: разложение работает, оба способа совпадают
A5: б) | B5: Y на X без свободного члена | C5: ='б) без константы'!B4 | D5: ='б) без константы'!B27 | E5: ='б) без константы'!B28 | F5: Σe ≠ 0: значения разные и вне [0;1]; Excel печатает R²ᵤ ≈ 0,5890
A6: в) | B6: y на x со свободным членом | C6: ='в) и г) центрированные'!B4 | D6: ='в) и г) центрированные'!B24 | E6: ='в) и г) центрированные'!B25 | F6: α̂ = 0, поэтому то же, что в а)
A7: г) | B7: y на x без свободного члена | C7: ='в) и г) центрированные'!B4 | D7: ='в) и г) центрированные'!B24 | E7: ='в) и г) центрированные'!B25 | F7: совпадает с в): константа и так нулевая
A9: Что показать на семинаре
A10: 1. Центрирование переменных не меняет ни наклон, ни R²: свободный член и так равен нулю (пп. в, г).
A11: 2. Отбрасывание константы у нецентрированных данных (п. б) меняет модель: Σe ≠ 0, и разложение TSS = RSS + ESS ломается.
A12: 3. Поэтому в п. б) «коэффициент детерминации» зависит от того, какой формулой его считать: 1,50 или −3,26.
A13: 4. Excel в этом режиме молча переходит на нецентрированный R²ᵤ = 1 − ESS/ΣY² ≈ 0,589 — сравнивать его с R² из п. а) нельзя.
