Workbook

Sheet Данные
A1: Задача 4.14. Инвестиции и ВВП США, 1939–1954
A2: Синий шрифт — исходные данные из условия; чёрный — формулы; зелёный — ссылки на другие листы.
A3: Вопрос: изменилась ли зависимость инвестиций от ВВП во время войны (1942–1945) по сравнению с миром.
A5: Год | B5: y — инвестиции | C5: x — ВВП | D5: D — война | E5: D · x
A6: 1939 | B6: 9.3 | C6: 90.8 | D6: =IF(AND(A6>=1942,A6<=1945),1,0) | E6: =D6*C6
A7: 1940 | B7: 13.1 | C7: 100 | D7: =IF(AND(A7>=1942,A7<=1945),1,0) | E7: =D7*C7
A8: 1941 | B8: 17.9 | C8: 124.9 | D8: =IF(AND(A8>=1942,A8<=1945),1,0) | E8: =D8*C8
A9: 1942 | B9: 9.9 | C9: 158.3 | D9: =IF(AND(A9>=1942,A9<=1945),1,0) | E9: =D9*C9
A10: 1943 | B10: 5.8 | C10: 192 | D10: =IF(AND(A10>=1942,A10<=1945),1,0) | E10: =D10*C10
A11: 1944 | B11: 7.2 | C11: 210.5 | D11: =IF(AND(A11>=1942,A11<=1945),1,0) | E11: =D11*C11
A12: 1945 | B12: 10.6 | C12: 212.3 | D12: =IF(AND(A12>=1942,A12<=1945),1,0) | E12: =D12*C12
A13: 1946 | B13: 30.7 | C13: 209.3 | D13: =IF(AND(A13>=1942,A13<=1945),1,0) | E13: =D13*C13
A14: 1947 | B14: 34 | C14: 232.8 | D14: =IF(AND(A14>=1942,A14<=1945),1,0) | E14: =D14*C14
A15: 1948 | B15: 45.9 | C15: 259.1 | D15: =IF(AND(A15>=1942,A15<=1945),1,0) | E15: =D15*C15
A16: 1949 | B16: 35.3 | C16: 258 | D16: =IF(AND(A16>=1942,A16<=1945),1,0) | E16: =D16*C16
A17: 1950 | B17: 53.8 | C17: 286.2 | D17: =IF(AND(A17>=1942,A17<=1945),1,0) | E17: =D17*C17
... A21: 1954 | B21: 52.7 | C21: 366.3 | D21: =IF(AND(A21>=1942,A21<=1945),1,0) | E21: =D21*C21
A23: Источник данных: D. Salvatore, Statistics and Econometrics, McGraw-Hill, 1982 (таблица из условия задачи).
A24: D = 1 для военных лет 1942–1945, иначе 0. Столбец D·x нужен, чтобы менялся не только свободный член, но и наклон.

Sheet 1) Все годы
A1: 1) Регрессия y на x по всем 16 наблюдениям
A2: Оценки считаются через суммы в отклонениях: β̂ = Σ(x−x̄)(y−ȳ) / Σ(x−x̄)², α̂ = ȳ − β̂·x̄.
A4: n | B4: =COUNT(Данные!$B$6:$B$21) | C4: =СЧЁТ(столбец y)
A5: x̄ | B5: =AVERAGE(Данные!$C$6:$C$21) | C5: =СРЗНАЧ(столбец x)
A6: ȳ | B6: =AVERAGE(Данные!$B$6:$B$21) | C6: =СРЗНАЧ(столбец y)
A7: Σ(x − x̄)² | B7: =DEVSQ(Данные!$C$6:$C$21) | C7: =КВАДРОТКЛ(столбец x)
A8: Σ(x − x̄)(y − ȳ) | B8: =SUMPRODUCT(Данные!$C$6:$C$21-B5,Данные!$B$6:$B$21-B6) | C8: =СУММПРОИЗВ(x − x̄; y − ȳ)
A9: TSS = Σ(y − ȳ)² | B9: =DEVSQ(Данные!$B$6:$B$21)
A10: β̂ — наклон | B10: =B8/B7
A11: α̂ — свободный член | B11: =B6-B10*B5
A13: Год | B13: y | C13: x | D13: ŷ = α̂ + β̂·x | E13: e = y − ŷ | F13: e²
A14: =Данные!A6 | B14: =Данные!B6 | C14: =Данные!C6 | D14: =$B$11+$B$10*C14 | E14: =B14-D14 | F14: =E14^2
A15: =Данные!A7 | B15: =Данные!B7 | C15: =Данные!C7 | D15: =$B$11+$B$10*C15 | E15: =B15-D15 | F15: =E15^2
A16: =Данные!A8 | B16: =Данные!B8 | C16: =Данные!C8 | D16: =$B$11+$B$10*C16 | E16: =B16-D16 | F16: =E16^2
A17: =Данные!A9 | B17: =Данные!B9 | C17: =Данные!C9 | D17: =$B$11+$B$10*C17 | E17: =B17-D17 | F17: =E17^2
A18: =Данные!A10 | B18: =Данные!B10 | C18: =Данные!C10 | D18: =$B$11+$B$10*C18 | E18: =B18-D18 | F18: =E18^2
A19: =Данные!A11 | B19: =Данные!B11 | C19: =Данные!C11 | D19: =$B$11+$B$10*C19 | E19: =B19-D19 | F19: =E19^2
A20: =Данные!A12 | B20: =Данные!B12 | C20: =Данные!C12 | D20: =$B$11+$B$10*C20 | E20: =B20-D20 | F20: =E20^2
A21: =Данные!A13 | B21: =Данные!B13 | C21: =Данные!C13 | D21: =$B$11+$B$10*C21 | E21: =B21-D21 | F21: =E21^2
A22: =Данные!A14 | B22: =Данные!B14 | C22: =Данные!C14 | D22: =$B$11+$B$10*C22 | E22: =B22-D22 | F22: =E22^2
A23: =Данные!A15 | B23: =Данные!B15 | C23: =Данные!C15 | D23: =$B$11+$B$10*C23 | E23: =B23-D23 | F23: =E23^2
A24: =Данные!A16 | B24: =Данные!B16 | C24: =Данные!C16 | D24: =$B$11+$B$10*C24 | E24: =B24-D24 | F24: =E24^2
A25: =Данные!A17 | B25: =Данные!B17 | C25: =Данные!C17 | D25: =$B$11+$B$10*C25 | E25: =B25-D25 | F25: =E25^2
... A29: =Данные!A21 | B29: =Данные!B21 | C29: =Данные!C21 | D29: =$B$11+$B$10*C29 | E29: =B29-D29 | F29: =E29^2
A30: Сумма | E30: =SUM(E14:E29) | F30: =SUM(F14:F29)
A32: ESS = Σe² | B32: =F30
A33: R² = 1 − ESS/TSS | B33: =1-B32/B9
A34: s² = ESS/(n − 2) | B34: =B32/(B4-2)
A35: s(β̂) | B35: =SQRT(B34/B7)
A36: t(β̂) | B36: =B10/B35
A37: P-значение | B37: =TDIST(ABS(B36),B4-2,2) | C37: =СТЬЮДРАСП(|t|; n − 2; 2)

Sheet 2) Мир и война
A1: 2) Две отдельные регрессии: мирные и военные годы
A2: Подвыборки задаются индикатором: (1 − D) — мир, D — война. Суммы по подвыборке считает СУММПРОИЗВ с этим индикатором.
B4: Мирные годы (D = 0) | D4: Военные годы (D = 1)
A5: n | B5: =SUMPRODUCT((1-Данные!$D$6:$D$21)) | D5: =SUMPRODUCT(Данные!$D$6:$D$21)
A6: x̄ | B6: =SUMPRODUCT((1-Данные!$D$6:$D$21),Данные!$C$6:$C$21)/B5 | D6: =SUMPRODUCT(Данные!$D$6:$D$21,Данные!$C$6:$C$21)/D5
A7: ȳ | B7: =SUMPRODUCT((1-Данные!$D$6:$D$21),Данные!$B$6:$B$21)/B5 | D7: =SUMPRODUCT(Данные!$D$6:$D$21,Данные!$B$6:$B$21)/D5
A8: Σ(x − x̄)² | B8: =SUMPRODUCT((1-Данные!$D$6:$D$21),(Данные!$C$6:$C$21-B6)^2) | D8: =SUMPRODUCT(Данные!$D$6:$D$21,(Данные!$C$6:$C$21-D6)^2)
A9: Σ(x − x̄)(y − ȳ) | B9: =SUMPRODUCT((1-Данные!$D$6:$D$21),(Данные!$C$6:$C$21-B6)*(Данные!$B$6:$B$21-B7)) | D9: =SUMPRODUCT(Данные!$D$6:$D$21,(Данные!$C$6:$C$21-D6)*(Данные!$B$6:$B$21-D7))
A10: β̂ | B10: =B9/B8 | D10: =D9/D8
A11: α̂ | B11: =B7-B10*B6 | D11: =D7-D10*D6
A12: ESS | B12: =SUMPRODUCT((1-Данные!$D$6:$D$21),(Данные!$B$6:$B$21-B11-B10*Данные!$C$6:$C$21)^2) | D12: =SUMPRODUCT(Данные!$D$6:$D$21,(Данные!$B$6:$B$21-D11-D10*Данные!$C$6:$C$21)^2)
A13: TSS подвыборки | B13: =SUMPRODUCT((1-Данные!$D$6:$D$21),(Данные!$B$6:$B$21-B7)^2) | D13: =SUMPRODUCT(Данные!$D$6:$D$21,(Данные!$B$6:$B$21-D7)^2)
A14: R² | B14: =1-B12/B13 | D14: =1-D12/D13
A16: Видно, что в военные годы связь разваливается: R² почти нулевой, а наклон меняет знак.

Sheet 3) С дамми
A1: 3) Одна регрессия по всем годам с фиктивной переменной
A2: Модель: y = β₁ + β₂·x + β₃·D + β₄·(D·x). Оценивается функцией ЛИНЕЙН по трём столбцам x, D, D·x.
A3: ЛИНЕЙН выдаёт коэффициенты в обратном порядке столбцов, поэтому нужный достаётся через ИНДЕКС.
A5: Переменная | B5: Коэффициент | C5: Ст. ошибка | D5: t-статистика | E5: P-значение
A6: const | B6: =INDEX(LINEST(Данные!$B$6:$B$21,Данные!$C$6:$E$21,TRUE,TRUE),1,4) | C6: =INDEX(LINEST(Данные!$B$6:$B$21,Данные!$C$6:$E$21,TRUE,TRUE),2,4) | D6: =B6/C6 | E6: =TDIST(ABS(D6),$B$12,2)
A7: x | B7: =INDEX(LINEST(Данные!$B$6:$B$21,Данные!$C$6:$E$21,TRUE,TRUE),1,3) | C7: =INDEX(LINEST(Данные!$B$6:$B$21,Данные!$C$6:$E$21,TRUE,TRUE),2,3) | D7: =B7/C7 | E7: =TDIST(ABS(D7),$B$12,2)
A8: D | B8: =INDEX(LINEST(Данные!$B$6:$B$21,Данные!$C$6:$E$21,TRUE,TRUE),1,2) | C8: =INDEX(LINEST(Данные!$B$6:$B$21,Данные!$C$6:$E$21,TRUE,TRUE),2,2) | D8: =B8/C8 | E8: =TDIST(ABS(D8),$B$12,2)
A9: D · x | B9: =INDEX(LINEST(Данные!$B$6:$B$21,Данные!$C$6:$E$21,TRUE,TRUE),1,1) | C9: =INDEX(LINEST(Данные!$B$6:$B$21,Данные!$C$6:$E$21,TRUE,TRUE),2,1) | D9: =B9/C9 | E9: =TDIST(ABS(D9),$B$12,2)
A11: R² | B11: =INDEX(LINEST(Данные!$B$6:$B$21,Данные!$C$6:$E$21,TRUE,TRUE),3,1)
A12: степени свободы n − k | B12: =INDEX(LINEST(Данные!$B$6:$B$21,Данные!$C$6:$E$21,TRUE,TRUE),4,2)
A13: ESS модели с дамми | B13: =INDEX(LINEST(Данные!$B$6:$B$21,Данные!$C$6:$E$21,TRUE,TRUE),5,2) | C13: пятая строка ЛИНЕЙН: слева RSS, справа ESS
A15: ESS(мир) + ESS(война) | B15: ='2) Мир и война'!B12+'2) Мир и война'!D12 | C15: совпадает с ESS модели с дамми
A16: Разность | B16: =B13-B15 | C16: должна быть 0
A18: Модель с дамми подгоняет обе подвыборки независимо — поэтому её остаточная сумма равна сумме остаточных сумм двух отдельных регрессий.

Sheet 4) Тест Чоу
A1: 4) Проверка структурного сдвига
A2: H₀: коэффициенты в мирные и военные годы одинаковы.
A4: ESS по всем годам (с ограничением) | B4: ='1) Все годы'!B32
A5: ESS мирных лет | B5: ='2) Мир и война'!B12
A6: ESS военных лет | B6: ='2) Мир и война'!D12
A7: ESS без ограничения = сумма | B7: =B5+B6
A8: n | B8: =COUNT(Данные!$B$6:$B$21)
A9: k — число параметров | B9: 2 | C9: в каждой подвыборке оценивается α и β
A10: F | B10: =((B4-B7)/B9)/(B7/(B8-2*B9)) | C10: F = ((ESS_R − ESS_UR)/k) / (ESS_UR/(n − 2k))
A11: F критическое (5 %) | B11: =FINV(0.05,B9,B8-2*B9) | C11: =FРАСПОБР(0,05; k; n − 2k)
A12: P-значение | B12: =FDIST(B10,B9,B8-2*B9) | C12: =FРАСП(F; k; n − 2k)
A13: Вывод | B13: =IF(B10>B11,"H₀ отвергается: зависимость во время войны другая","H₀ не отвергается")
A15: Тот же ответ даёт F-тест совместной значимости D и D·x в модели с дамми: по отдельности они незначимы, а вместе — значимы.

Sheet 5) Для пакета анализа
A1: Данные, отсортированные по D: сначала мир, потом война
A2: Пакет анализа берёт только сплошной диапазон, а на листе «Данные» мирные годы разорваны: 1939–1941 и 1946–1954.
A3: Здесь те же 16 наблюдений, просто переставленные строками; значения подтягиваются с листа «Данные» формулами.
A5: Год | B5: y — инвестиции | C5: x — ВВП | D5: D — война | E5: D · x
A6: =Данные!A6 | B6: =Данные!B6 | C6: =Данные!C6 | D6: =Данные!D6 | E6: =Данные!E6
A7: =Данные!A7 | B7: =Данные!B7 | C7: =Данные!C7 | D7: =Данные!D7 | E7: =Данные!E7
A8: =Данные!A8 | B8: =Данные!B8 | C8: =Данные!C8 | D8: =Данные!D8 | E8: =Данные!E8
A9: =Данные!A13 | B9: =Данные!B13 | C9: =Данные!C13 | D9: =Данные!D13 | E9: =Данные!E13
A10: =Данные!A14 | B10: =Данные!B14 | C10: =Данные!C14 | D10: =Данные!D14 | E10: =Данные!E14
A11: =Данные!A15 | B11: =Данные!B15 | C11: =Данные!C15 | D11: =Данные!D15 | E11: =Данные!E15
A12: =Данные!A16 | B12: =Данные!B16 | C12: =Данные!C16 | D12: =Данные!D16 | E12: =Данные!E16
A13: =Данные!A17 | B13: =Данные!B17 | C13: =Данные!C17 | D13: =Данные!D17 | E13: =Данные!E17
A14: =Данные!A18 | B14: =Данные!B18 | C14: =Данные!C18 | D14: =Данные!D18 | E14: =Данные!E18
A15: =Данные!A19 | B15: =Данные!B19 | C15: =Данные!C19 | D15: =Данные!D19 | E15: =Данные!E19
A16: =Данные!A20 | B16: =Данные!B20 | C16: =Данные!C20 | D16: =Данные!D20 | E16: =Данные!E20
A17: =Данные!A21 | B17: =Данные!B21 | C17: =Данные!C21 | D17: =Данные!D21 | E17: =Данные!E21 | G17: ◄ мирные годы кончаются здесь
A18: =Данные!A9 | B18: =Данные!B9 | C18: =Данные!C9 | D18: =Данные!D9 | E18: =Данные!E9 | G18: ◄ военные годы
A19: =Данные!A10 | B19: =Данные!B10 | C19: =Данные!C10 | D19: =Данные!D10 | E19: =Данные!E10
A20: =Данные!A11 | B20: =Данные!B11 | C20: =Данные!C11 | D20: =Данные!D11 | E20: =Данные!E11
A21: =Данные!A12 | B21: =Данные!B12 | C21: =Данные!C12 | D21: =Данные!D12 | E21: =Данные!E12
A23: Данные → Анализ данных → Регрессия
A24: Мирные годы (n = 12) | B24: Y: $B$5:$B$17 | C24: X: $C$5:$C$17 | D24: ☑ Метки
A25: Военные годы (n = 4) | B25: Y: $B$18:$B$21 | C25: X: $C$18:$C$21 | D25: без «Меток»
A26: Все годы (n = 16) | B26: Y: $B$5:$B$21 | C26: X: $C$5:$C$21 | D26: ☑ Метки
A27: С фиктивной переменной | B27: Y: $B$5:$B$21 | C27: X: $C$5:$E$21 | D27: ☑ Метки
A30: Проверка: в отчёте Пакета анализа строка «Остаток», столбец SS
A31: ESS мирных лет | B31: ='2) Мир и война'!B12
A32: ESS военных лет | B32: ='2) Мир и война'!D12
A33: ESS по всем 16 годам | B33: ='1) Все годы'!B32
A35: Порядок наблюдений на МНК не влияет: суммы в формулах от него не зависят.
