Workbook

Sheet Данные
A1: Задача 4.15. Продажи и доход текстильных корпораций США, 1974–1979
A2: Синий шрифт — исходные данные из условия; чёрный — формулы; зелёный — ссылки на другие листы.
A3: Вопрос: есть ли сезонные колебания дохода при одном и том же объёме продаж.
A5: Год | B5: Квартал | C5: VOL — продажи | D5: QRT1 | E5: QRT2 | F5: QRT3 | G5: INC — доход
A6: 1974 | B6: 1 | C6: 242 | D6: =IF($B6=1,1,0) | E6: =IF($B6=2,1,0) | F6: =IF($B6=3,1,0) | G6: 13.5
A7: 1974 | B7: 2 | C7: 269.4 | D7: =IF($B7=1,1,0) | E7: =IF($B7=2,1,0) | F7: =IF($B7=3,1,0) | G7: 16.3
A8: 1974 | B8: 3 | C8: 272.1 | D8: =IF($B8=1,1,0) | E8: =IF($B8=2,1,0) | F8: =IF($B8=3,1,0) | G8: 15.5
A9: 1974 | B9: 4 | C9: 277 | D9: =IF($B9=1,1,0) | E9: =IF($B9=2,1,0) | F9: =IF($B9=3,1,0) | G9: 13.4
A10: 1975 | B10: 1 | C10: 247.1 | D10: =IF($B10=1,1,0) | E10: =IF($B10=2,1,0) | F10: =IF($B10=3,1,0) | G10: 9.3
A11: 1975 | B11: 2 | C11: 265.8 | D11: =IF($B11=1,1,0) | E11: =IF($B11=2,1,0) | F11: =IF($B11=3,1,0) | G11: 12.4
A12: 1975 | B12: 3 | C12: 271 | D12: =IF($B12=1,1,0) | E12: =IF($B12=2,1,0) | F12: =IF($B12=3,1,0) | G12: 13.2
A13: 1975 | B13: 4 | C13: 281.3 | D13: =IF($B13=1,1,0) | E13: =IF($B13=2,1,0) | F13: =IF($B13=3,1,0) | G13: 14.2
A14: 1976 | B14: 1 | C14: 284.2 | D14: =IF($B14=1,1,0) | E14: =IF($B14=2,1,0) | F14: =IF($B14=3,1,0) | G14: 14.8
A15: 1976 | B15: 2 | C15: 307.6 | D15: =IF($B15=1,1,0) | E15: =IF($B15=2,1,0) | F15: =IF($B15=3,1,0) | G15: 18.1
A16: 1976 | B16: 3 | C16: 301.6 | D16: =IF($B16=1,1,0) | E16: =IF($B16=2,1,0) | F16: =IF($B16=3,1,0) | G16: 16
A17: 1976 | B17: 4 | C17: 309.8 | D17: =IF($B17=1,1,0) | E17: =IF($B17=2,1,0) | F17: =IF($B17=3,1,0) | G17: 15.6
... A28: 1979 | B28: 3 | C28: 437.5 | D28: =IF($B28=1,1,0) | E28: =IF($B28=2,1,0) | F28: =IF($B28=3,1,0) | G28: 24.8
A30: Источник данных: D. Salvatore, Statistics and Econometrics, McGraw-Hill, 1982 (таблица из условия задачи).
A31: Фиктивных переменных три, а не четыре: четвёртый квартал — базовый. Если добавить QRT4, их сумма совпадёт со столбцом единиц (ловушка дамми).

Sheet 1) Без сезонности
A1: 1) Регрессия INC на VOL
A2: Оценки через суммы в отклонениях, как в парной регрессии.
A4: n | B4: =COUNT(Данные!$G$6:$G$28)
A5: VOL среднее | B5: =AVERAGE(Данные!$C$6:$C$28)
A6: INC среднее | B6: =AVERAGE(Данные!$G$6:$G$28)
A7: Σ(VOL − среднее)² | B7: =DEVSQ(Данные!$C$6:$C$28)
A8: Σ(VOL − ·)(INC − ·) | B8: =SUMPRODUCT(Данные!$C$6:$C$28-B5,Данные!$G$6:$G$28-B6)
A9: TSS | B9: =DEVSQ(Данные!$G$6:$G$28)
A10: β̂ при VOL | B10: =B8/B7
A11: α̂ | B11: =B6-B10*B5
A12: ESS | B12: =SUMPRODUCT((Данные!$G$6:$G$28-B11-B10*Данные!$C$6:$C$28)^2)
A13: R² | B13: =1-B12/B9
A14: n − k | B14: =B4-2

Sheet 2) С сезонностью
A1: 2) Регрессия INC на VOL, QRT1, QRT2, QRT3
A2: Оценивается функцией ЛИНЕЙН по четырём столбцам. Коэффициенты она выдаёт в обратном порядке столбцов, поэтому нужный достаётся через ИНДЕКС.
A5: Переменная | B5: Коэффициент | C5: Ст. ошибка | D5: t-статистика | E5: P-значение
A6: const | B6: =INDEX(LINEST(Данные!$G$6:$G$28,Данные!$C$6:$F$28,TRUE,TRUE),1,5) | C6: =INDEX(LINEST(Данные!$G$6:$G$28,Данные!$C$6:$F$28,TRUE,TRUE),2,5) | D6: =B6/C6 | E6: =TDIST(ABS(D6),$B$13,2)
A7: VOL | B7: =INDEX(LINEST(Данные!$G$6:$G$28,Данные!$C$6:$F$28,TRUE,TRUE),1,4) | C7: =INDEX(LINEST(Данные!$G$6:$G$28,Данные!$C$6:$F$28,TRUE,TRUE),2,4) | D7: =B7/C7 | E7: =TDIST(ABS(D7),$B$13,2)
A8: QRT1 | B8: =INDEX(LINEST(Данные!$G$6:$G$28,Данные!$C$6:$F$28,TRUE,TRUE),1,3) | C8: =INDEX(LINEST(Данные!$G$6:$G$28,Данные!$C$6:$F$28,TRUE,TRUE),2,3) | D8: =B8/C8 | E8: =TDIST(ABS(D8),$B$13,2)
A9: QRT2 | B9: =INDEX(LINEST(Данные!$G$6:$G$28,Данные!$C$6:$F$28,TRUE,TRUE),1,2) | C9: =INDEX(LINEST(Данные!$G$6:$G$28,Данные!$C$6:$F$28,TRUE,TRUE),2,2) | D9: =B9/C9 | E9: =TDIST(ABS(D9),$B$13,2)
A10: QRT3 | B10: =INDEX(LINEST(Данные!$G$6:$G$28,Данные!$C$6:$F$28,TRUE,TRUE),1,1) | C10: =INDEX(LINEST(Данные!$G$6:$G$28,Данные!$C$6:$F$28,TRUE,TRUE),2,1) | D10: =B10/C10 | E10: =TDIST(ABS(D10),$B$13,2)
A12: R² | B12: =INDEX(LINEST(Данные!$G$6:$G$28,Данные!$C$6:$F$28,TRUE,TRUE),3,1)
A13: степени свободы n − k | B13: =INDEX(LINEST(Данные!$G$6:$G$28,Данные!$C$6:$F$28,TRUE,TRUE),4,2)
A14: ESS без ограничения | B14: =INDEX(LINEST(Данные!$G$6:$G$28,Данные!$C$6:$F$28,TRUE,TRUE),5,2)
A16: По отдельности значим только коэффициент при QRT2. Но вопрос «есть ли сезонность» — это совместная гипотеза, её проверяет F-тест на листе «4) Тесты».

Sheet 3) Только QRT2
A1: 3) Регрессия INC на VOL и QRT2
A2: ЛИНЕЙН требует соседние столбцы, поэтому VOL и QRT2 копируются сюда формулами.
A4: VOL | B4: QRT2 | C4: INC
A5: =Данные!C6 | B5: =Данные!E6 | C5: =Данные!G6
A6: =Данные!C7 | B6: =Данные!E7 | C6: =Данные!G7
A7: =Данные!C8 | B7: =Данные!E8 | C7: =Данные!G8
A8: =Данные!C9 | B8: =Данные!E9 | C8: =Данные!G9
A9: =Данные!C10 | B9: =Данные!E10 | C9: =Данные!G10
A10: =Данные!C11 | B10: =Данные!E11 | C10: =Данные!G11
A11: =Данные!C12 | B11: =Данные!E12 | C11: =Данные!G12
A12: =Данные!C13 | B12: =Данные!E13 | C12: =Данные!G13
A13: =Данные!C14 | B13: =Данные!E14 | C13: =Данные!G14
A14: =Данные!C15 | B14: =Данные!E15 | C14: =Данные!G15
A15: =Данные!C16 | B15: =Данные!E16 | C15: =Данные!G16
A16: =Данные!C17 | B16: =Данные!E17 | C16: =Данные!G17
... A27: =Данные!C28 | B27: =Данные!E28 | C27: =Данные!G28
E29: Переменная | F29: Коэффициент | G29: Ст. ошибка | H29: t-статистика | I29: P-значение
E30: const | F30: =INDEX(LINEST(C5:C27,A5:B27,TRUE,TRUE),1,3) | G30: =INDEX(LINEST(C5:C27,A5:B27,TRUE,TRUE),2,3) | H30: =F30/G30 | I30: =TDIST(ABS(H30),$F$35,2)
E31: VOL | F31: =INDEX(LINEST(C5:C27,A5:B27,TRUE,TRUE),1,2) | G31: =INDEX(LINEST(C5:C27,A5:B27,TRUE,TRUE),2,2) | H31: =F31/G31 | I31: =TDIST(ABS(H31),$F$35,2)
E32: QRT2 | F32: =INDEX(LINEST(C5:C27,A5:B27,TRUE,TRUE),1,1) | G32: =INDEX(LINEST(C5:C27,A5:B27,TRUE,TRUE),2,1) | H32: =F32/G32 | I32: =TDIST(ABS(H32),$F$35,2)
E34: R² | F34: =INDEX(LINEST(C5:C27,A5:B27,TRUE,TRUE),3,1)
E35: степени свободы | F35: =INDEX(LINEST(C5:C27,A5:B27,TRUE,TRUE),4,2)
E36: ESS с ограничением | F36: =INDEX(LINEST(C5:C27,A5:B27,TRUE,TRUE),5,2)

Sheet 4) Тесты
A1: 4) F-тесты: есть ли сезонность и какие кварталы отличаются
A2: F = ((ESS с ограничением − ESS без ограничения)/q) / (ESS без ограничения/(n − k)).
A4: Тест 1. H₀: сезонности нет (все три коэффициента равны нулю)
A5: ESS с ограничением (только VOL) | B5: ='1) Без сезонности'!B12
A6: ESS без ограничения (с дамми) | B6: ='2) С сезонностью'!B14
A7: q — число ограничений | B7: 3 | C7: убираем QRT1, QRT2, QRT3
A8: n − k | B8: ='2) С сезонностью'!B13
A9: F | B9: =((B5-B6)/B7)/(B6/B8)
A10: F критическое (5 %) | B10: =FINV(0.05,B7,B8) | C10: =FРАСПОБР(0,05; q; n − k)
A11: P-значение | B11: =FDIST(B9,B7,B8) | C11: =FРАСП(F; q; n − k)
A12: Вывод | B12: =IF(B9>B10,"сезонность есть","сезонности нет")
A14: Тест 2. H₀: первый и третий кварталы не отличаются от базового четвёртого
A15: ESS с ограничением (VOL и QRT2) | B15: ='3) Только QRT2'!F36
A16: ESS без ограничения (с дамми) | B16: ='2) С сезонностью'!B14
A17: q — число ограничений | B17: 2 | C17: убираем QRT1 и QRT3
A18: n − k | B18: ='2) С сезонностью'!B13
A19: F | B19: =((B15-B16)/B17)/(B16/B18)
A20: F критическое (5 %) | B20: =FINV(0.05,B17,B18)
A21: P-значение | B21: =FDIST(B19,B17,B18)
A22: Вывод | B22: =IF(B19>B20,"QRT1 и QRT3 нужны","QRT1 и QRT3 можно убрать")
A24: Итог: сезонность есть, но сводится ко второму кварталу — при том же объёме продаж доход во II квартале в среднем выше.
