Workbook

Sheet Данные
A1: Задача 10.4. Инвестиции, ВНП и потребление
A2: Синий шрифт — исходные данные из условия; чёрный — формулы; зелёный — ссылки на другие листы.
A3: Вопрос: есть ли мультиколлинеарность в регрессии INV на GNP и CONS и как от неё избавиться.
A5: t | B5: GNP | C5: CONS | D5: S = GNP − CONS | E5: INV
A6: 1 | B6: 240 | C6: 149 | D6: =B6-C6 | E6: 38.2
A7: 2 | B7: 248 | C7: 154 | D7: =B7-C7 | E7: 41.9
A8: 3 | B8: 261 | C8: 162 | D8: =B8-C8 | E8: 46.5
A9: 4 | B9: 274 | C9: 169 | D9: =B9-C9 | E9: 52.1
A10: 5 | B10: 273 | C10: 167 | D10: =B10-C10 | E10: 48.1
A11: 6 | B11: 269 | C11: 171 | D11: =B11-C11 | E11: 38.3
A12: 7 | B12: 283 | C12: 180 | D12: =B12-C12 | E12: 45.4
A13: 8 | B13: 296 | C13: 188 | D13: =B13-C13 | E13: 52.1
A14: 9 | B14: 312 | C14: 196 | D14: =B14-C14 | E14: 56.8
A15: 10 | B15: 319 | C15: 200 | D15: =B15-C15 | E15: 57.5
A16: 11 | B16: 318 | C16: 200 | D16: =B16-C16 | E16: 50.9
A17: 12 | B17: 325 | C17: 202 | D17: =B17-C17 | E17: 54.5
... A25: 20 | B25: 412 | C25: 266 | D25: =B25-C25 | E25: 71.8
A27: Источник: Бородич С. А. Вводный курс эконометрики, гл. 10, упражнения и задачи, № 4 (вымышленная страна).
A28: S = GNP − CONS — сбережения; нужен в п. ж). Столбцы GNP и CONS стоят рядом: так их можно сразу отдать ЛИНЕЙН и Пакету анализа.

Sheet а-б) Регрессия
A1: а–б) INV на GNP и CONS
A2: Модель: INV = b0 + b1·GNP + b2·CONS + e. Оценивается функцией ЛИНЕЙН по двум соседним столбцам GNP и CONS.
A3: ЛИНЕЙН выдаёт коэффициенты в обратном порядке столбцов, поэтому нужный достаётся через ИНДЕКС.
A5: n | B5: =COUNT(Данные!$E$6:$E$25)
A6: k — число параметров | B6: 3
A7: n − k | B7: =B5-B6
A9: Переменная | B9: Коэффициент | C9: Ст. ошибка | D9: t-статистика | E9: P-значение
A10: const | B10: =INDEX(LINEST(Данные!$E$6:$E$25,Данные!$B$6:$C$25,TRUE,TRUE),1,3) | C10: =INDEX(LINEST(Данные!$E$6:$E$25,Данные!$B$6:$C$25,TRUE,TRUE),2,3) | D10: =B10/C10 | E10: =TDIST(ABS(D10),$B$7,2)
A11: GNP | B11: =INDEX(LINEST(Данные!$E$6:$E$25,Данные!$B$6:$C$25,TRUE,TRUE),1,2) | C11: =INDEX(LINEST(Данные!$E$6:$E$25,Данные!$B$6:$C$25,TRUE,TRUE),2,2) | D11: =B11/C11 | E11: =TDIST(ABS(D11),$B$7,2)
A12: CONS | B12: =INDEX(LINEST(Данные!$E$6:$E$25,Данные!$B$6:$C$25,TRUE,TRUE),1,1) | C12: =INDEX(LINEST(Данные!$E$6:$E$25,Данные!$B$6:$C$25,TRUE,TRUE),2,1) | D12: =B12/C12 | E12: =TDIST(ABS(D12),$B$7,2)
A14: R² | B14: =INDEX(LINEST(Данные!$E$6:$E$25,Данные!$B$6:$C$25,TRUE,TRUE),3,1)
A15: R²adj | B15: =1-(B5-1)/(B5-B6)*(1-B14) | C15: 1 − (n − 1)/(n − k)·(1 − R²)
A16: RSS (объяснённая) | B16: =INDEX(LINEST(Данные!$E$6:$E$25,Данные!$B$6:$C$25,TRUE,TRUE),5,1)
A17: ESS = Σe² (остаточная) | B17: =INDEX(LINEST(Данные!$E$6:$E$25,Данные!$B$6:$C$25,TRUE,TRUE),5,2)
A18: TSS = RSS + ESS | B18: =B16+B17 | C18: =КВАДРОТКЛ(INV) даёт то же
A20: F | B20: =B14/(1-B14)*(B5-B6)/(B6-1) | C20: F = R²/(1 − R²) · (n − k)/(k − 1)
A21: F критическое (5 %) | B21: =FINV(0.05,B6-1,B5-B6) | C21: =FРАСПОБР(0,05; k − 1; n − k)
A22: P-значение F | B22: =FDIST(B20,B6-1,B5-B6) | C22: =FРАСП(F; k − 1; n − k)
A23: t критическое (5 %) | B23: =TINV(0.05,B7) | C23: =СТЬЮДРАСПОБР(0,05; n − k), двусторонний
A25: Вывод по F | B25: =IF(B20>B21,"регрессия в целом значима","регрессия незначима")
A26: GNP | B26: =IF(ABS(D11)>B23,"значим","незначим")
A27: CONS | B27: =IF(ABS(D12)>B23,"значим","незначим")
A29: Типичная картина мультиколлинеарности: регрессия в целом значима, R² высокий, а коэффициент при CONS незначим и с «неожиданным» знаком.

Sheet в-г) Мультиколлинеарность
A1: в–г) Диагностика мультиколлинеарности
A2: Корреляции, VIF и F-тест вспомогательной регрессии CONS на GNP.
B4: INV | C4: GNP | D4: CONS
A5: INV | B5: =CORREL(Данные!$E$6:$E$25,Данные!$E$6:$E$25) | C5: =CORREL(Данные!$E$6:$E$25,Данные!$B$6:$B$25) | D5: =CORREL(Данные!$E$6:$E$25,Данные!$C$6:$C$25)
A6: GNP | B6: =CORREL(Данные!$B$6:$B$25,Данные!$E$6:$E$25) | C6: =CORREL(Данные!$B$6:$B$25,Данные!$B$6:$B$25) | D6: =CORREL(Данные!$B$6:$B$25,Данные!$C$6:$C$25) | F6: =КОРРЕЛ(x; y). Выделено: корреляция двух регрессоров
A7: CONS | B7: =CORREL(Данные!$C$6:$C$25,Данные!$E$6:$E$25) | C7: =CORREL(Данные!$C$6:$C$25,Данные!$B$6:$B$25) | D7: =CORREL(Данные!$C$6:$C$25,Данные!$C$6:$C$25)
A10: n | B10: =COUNT(Данные!$B$6:$B$25)
A11: m — число объясняющих переменных | B11: 2 | C11: без константы
A12: R²j (CONS на GNP) | B12: =RSQ(Данные!$C$6:$C$25,Данные!$B$6:$B$25) | C12: =КВПИРСОН(CONS; GNP)
A13: VIF = 1/(1 − R²j) | B13: =1/(1-B12) | C13: > 10 — серьёзная мультиколлинеарность
A14: √VIF | B14: =SQRT(B13) | C14: во сколько раз растёт стандартная ошибка
A15: Fj | B15: =B12/(1-B12)*(B10-B11)/(B11-1) | C15: Fj = R²j/(1 − R²j) · (n − m)/(m − 1)
A16: Fj критическое (5 %) | B16: =FINV(0.05,B11-1,B10-B11) | C16: =FРАСПОБР(0,05; m − 1; n − m)
A18: Вывод | B18: =IF(B13>10,"мультиколлинеарность есть","серьёзной мультиколлинеарности нет")
A20: s(b_GNP) в регрессии на оба | B20: ='а-б) Регрессия'!C11
A21: s(b_GNP) в парной регрессии | B21: ='д) Парные'!C8
A22: Отношение | B22: =B20/B21 | C22: близко к √VIF

Sheet д) Парные
A1: д) Парные регрессии INV на GNP и INV на CONS
A2: Каждый регрессор по отдельности высоко значим; R² почти как у регрессии на оба.
A3: n | B3: =COUNT(Данные!$E$6:$E$25)
A5: INV на GNP
A6: Переменная | B6: Коэффициент | C6: Ст. ошибка | D6: t-статистика | E6: P-значение
A7: const | B7: =INDEX(LINEST(Данные!$E$6:$E$25,Данные!$B$6:$B$25,TRUE,TRUE),1,2) | C7: =INDEX(LINEST(Данные!$E$6:$E$25,Данные!$B$6:$B$25,TRUE,TRUE),2,2) | D7: =B7/C7 | E7: =TDIST(ABS(D7),$B$3-2,2)
A8: GNP | B8: =INDEX(LINEST(Данные!$E$6:$E$25,Данные!$B$6:$B$25,TRUE,TRUE),1,1) | C8: =INDEX(LINEST(Данные!$E$6:$E$25,Данные!$B$6:$B$25,TRUE,TRUE),2,1) | D8: =B8/C8 | E8: =TDIST(ABS(D8),$B$3-2,2)
A9: R² | B9: =RSQ(Данные!$E$6:$E$25,Данные!$B$6:$B$25) | C9: =КВПИРСОН(y; x)
A10: R²adj | B10: =1-($B$3-1)/($B$3-2)*(1-B9) | C10: 1 − (n − 1)/(n − k)·(1 − R²)
A11: ESS = Σe² | B11: =INDEX(LINEST(Данные!$E$6:$E$25,Данные!$B$6:$B$25,TRUE,TRUE),5,2) | C11: пятая строка ЛИНЕЙН, справа — остаточная сумма
A14: INV на CONS
A15: Переменная | B15: Коэффициент | C15: Ст. ошибка | D15: t-статистика | E15: P-значение
A16: const | B16: =INDEX(LINEST(Данные!$E$6:$E$25,Данные!$C$6:$C$25,TRUE,TRUE),1,2) | C16: =INDEX(LINEST(Данные!$E$6:$E$25,Данные!$C$6:$C$25,TRUE,TRUE),2,2) | D16: =B16/C16 | E16: =TDIST(ABS(D16),$B$3-2,2)
A17: CONS | B17: =INDEX(LINEST(Данные!$E$6:$E$25,Данные!$C$6:$C$25,TRUE,TRUE),1,1) | C17: =INDEX(LINEST(Данные!$E$6:$E$25,Данные!$C$6:$C$25,TRUE,TRUE),2,1) | D17: =B17/C17 | E17: =TDIST(ABS(D17),$B$3-2,2)
A18: R² | B18: =RSQ(Данные!$E$6:$E$25,Данные!$C$6:$C$25) | C18: =КВПИРСОН(y; x)
A19: R²adj | B19: =1-($B$3-1)/($B$3-2)*(1-B18) | C19: 1 − (n − 1)/(n − k)·(1 − R²)
A20: ESS = Σe² | B20: =INDEX(LINEST(Данные!$E$6:$E$25,Данные!$C$6:$C$25,TRUE,TRUE),5,2) | C20: пятая строка ЛИНЕЙН, справа — остаточная сумма
A24: Добавление CONS к регрессии на GNP (H₀: b2 = 0)
A25: ESS_R (INV на GNP) | B25: =B11
A26: ESS_UR (INV на GNP и CONS) | B26: ='а-б) Регрессия'!B17
A27: F | B27: =((B25-B26)/1)/(B26/('а-б) Регрессия'!B7)) | C27: F = ((ESS_R − ESS_UR)/q) / (ESS_UR/(n − k)), q = 1
A28: t² для CONS из п. а) | B28: ='а-б) Регрессия'!D12^2 | C28: совпадает с F
A29: F критическое (5 %) | B29: =FINV(0.05,1,'а-б) Регрессия'!B7)
A31: Короткая и длинная регрессии
A32: δ — наклон CONS на GNP | B32: ='е) CONS на GNP'!B7
A33: b1 + b2·δ | B33: ='а-б) Регрессия'!B11+'а-б) Регрессия'!B12*B32
A34: наклон INV на GNP | B34: =B8 | C34: совпадает с b1 + b2·δ

Sheet е) CONS на GNP
A1: е) Регрессия CONS на GNP
A2: Это вспомогательная регрессия для VIF: почти точная линейная связь двух регрессоров.
A3: n | B3: =COUNT(Данные!$C$6:$C$25)
A4: CONS на GNP
A5: Переменная | B5: Коэффициент | C5: Ст. ошибка | D5: t-статистика | E5: P-значение
A6: const | B6: =INDEX(LINEST(Данные!$C$6:$C$25,Данные!$B$6:$B$25,TRUE,TRUE),1,2) | C6: =INDEX(LINEST(Данные!$C$6:$C$25,Данные!$B$6:$B$25,TRUE,TRUE),2,2) | D6: =B6/C6 | E6: =TDIST(ABS(D6),$B$3-2,2)
A7: GNP | B7: =INDEX(LINEST(Данные!$C$6:$C$25,Данные!$B$6:$B$25,TRUE,TRUE),1,1) | C7: =INDEX(LINEST(Данные!$C$6:$C$25,Данные!$B$6:$B$25,TRUE,TRUE),2,1) | D7: =B7/C7 | E7: =TDIST(ABS(D7),$B$3-2,2)
A8: R² | B8: =RSQ(Данные!$C$6:$C$25,Данные!$B$6:$B$25) | C8: =КВПИРСОН(y; x)
A9: R²adj | B9: =1-($B$3-1)/($B$3-2)*(1-B8) | C9: 1 − (n − 1)/(n − k)·(1 − R²)
A10: ESS = Σe² | B10: =INDEX(LINEST(Данные!$C$6:$C$25,Данные!$B$6:$B$25,TRUE,TRUE),5,2) | C10: пятая строка ЛИНЕЙН, справа — остаточная сумма
A13: Наклон 0,706 — предельная склонность к потреблению. R² = 0,993: GNP объясняет 99,3 % разброса CONS.

Sheet ж) Сбережения
A1: ж) Замена регрессоров сбережениями S = GNP − CONS
A2: Коэффициенты при GNP и CONS близки по модулю и противоположны по знаку. Проверим ограничение b1 + b2 = 0.
A3: INV = b0 + b1·GNP + b2·CONS = b0 + (b1 + b2)·CONS + b1·S, так что коэффициент при CONS в регрессии на CONS и S равен b1 + b2.
A5: INV на CONS и S (та же модель, другая запись)
A6: Переменная | B6: Коэффициент | C6: Ст. ошибка | D6: t-статистика | E6: P-значение
A7: const | B7: =INDEX(LINEST(Данные!$E$6:$E$25,Данные!$C$6:$D$25,TRUE,TRUE),1,3) | C7: =INDEX(LINEST(Данные!$E$6:$E$25,Данные!$C$6:$D$25,TRUE,TRUE),2,3) | D7: =B7/C7 | E7: =TDIST(ABS(D7),'а-б) Регрессия'!$B$7,2)
A8: CONS (= b1 + b2) | B8: =INDEX(LINEST(Данные!$E$6:$E$25,Данные!$C$6:$D$25,TRUE,TRUE),1,2) | C8: =INDEX(LINEST(Данные!$E$6:$E$25,Данные!$C$6:$D$25,TRUE,TRUE),2,2) | D8: =B8/C8 | E8: =TDIST(ABS(D8),'а-б) Регрессия'!$B$7,2)
A9: S (= b1) | B9: =INDEX(LINEST(Данные!$E$6:$E$25,Данные!$C$6:$D$25,TRUE,TRUE),1,1) | C9: =INDEX(LINEST(Данные!$E$6:$E$25,Данные!$C$6:$D$25,TRUE,TRUE),2,1) | D9: =B9/C9 | E9: =TDIST(ABS(D9),'а-б) Регрессия'!$B$7,2)
A11: ESS — та же, что в п. а) | B11: =INDEX(LINEST(Данные!$E$6:$E$25,Данные!$C$6:$D$25,TRUE,TRUE),5,2) | C11: подгонка не изменилась
A12: Ограничение b1 + b2 = 0 | B12: =IF(ABS(D8)>'а-б) Регрессия'!B23,"отвергается","не отвергается")
A14: Модель с ограничением: INV на S
A15: Переменная | B15: Коэффициент | C15: Ст. ошибка | D15: t-статистика | E15: P-значение
A16: const | B16: =INDEX(LINEST(Данные!$E$6:$E$25,Данные!$D$6:$D$25,TRUE,TRUE),1,2) | C16: =INDEX(LINEST(Данные!$E$6:$E$25,Данные!$D$6:$D$25,TRUE,TRUE),2,2) | D16: =B16/C16 | E16: =TDIST(ABS(D16),'а-б) Регрессия'!$B$5-2,2)
A17: S | B17: =INDEX(LINEST(Данные!$E$6:$E$25,Данные!$D$6:$D$25,TRUE,TRUE),1,1) | C17: =INDEX(LINEST(Данные!$E$6:$E$25,Данные!$D$6:$D$25,TRUE,TRUE),2,1) | D17: =B17/C17 | E17: =TDIST(ABS(D17),'а-б) Регрессия'!$B$5-2,2)
A18: R² | B18: =RSQ(Данные!$E$6:$E$25,Данные!$D$6:$D$25) | C18: =КВПИРСОН(y; x)
A19: R²adj | B19: =1-('а-б) Регрессия'!$B$5-1)/('а-б) Регрессия'!$B$5-2)*(1-B18) | C19: 1 − (n − 1)/(n − k)·(1 − R²)
A20: ESS = Σe² | B20: =INDEX(LINEST(Данные!$E$6:$E$25,Данные!$D$6:$D$25,TRUE,TRUE),5,2) | C20: пятая строка ЛИНЕЙН, справа — остаточная сумма
A24: Сравнение моделей по R²adj
A25: Модель | B25: R²adj
A26: INV на GNP и CONS | B26: ='а-б) Регрессия'!B15
A27: INV на GNP | B27: ='д) Парные'!B10
A28: INV на CONS | B28: ='д) Парные'!B19
A29: INV на S | B29: =B19
A31: Лучшая модель — INV на S: один регрессор, мультиколлинеарности нет, R²adj наибольший.
A32: Оговорка: S = INV + (госрасходы и чистый экспорт), поэтому связь INV и S близка к тождеству национальных счетов.
