Workbook

Sheet Данные
A1: Задача 4.18. Постоянная отдача на масштаб
A2: Синий шрифт — исходные данные из условия; чёрный — формулы; зелёный — ссылки на другие листы.
A3: Вопрос: снимает ли мультиколлинеарность ограничение β1 + β2 = 1.
A5: Фирма | B5: Q | C5: L | D5: K | E5: ln Q | F5: ln L | G5: ln K | H5: ln(Q/K) | I5: ln(L/K)
A6: 1 | B6: 2350 | C6: 2334 | D6: 1570 | E6: =LN(B6) | F6: =LN(C6) | G6: =LN(D6) | H6: =E6-G6 | I6: =F6-G6
A7: 2 | B7: 2470 | C7: 2425 | D7: 1850 | E7: =LN(B7) | F7: =LN(C7) | G7: =LN(D7) | H7: =E7-G7 | I7: =F7-G7
A8: 3 | B8: 2110 | C8: 2230 | D8: 1150 | E8: =LN(B8) | F8: =LN(C8) | G8: =LN(D8) | H8: =E8-G8 | I8: =F8-G8
A9: 4 | B9: 2560 | C9: 2463 | D9: 1940 | E9: =LN(B9) | F9: =LN(C9) | G9: =LN(D9) | H9: =E9-G9 | I9: =F9-G9
A10: 5 | B10: 2650 | C10: 2565 | D10: 2450 | E10: =LN(B10) | F10: =LN(C10) | G10: =LN(D10) | H10: =E10-G10 | I10: =F10-G10
A11: 6 | B11: 2240 | C11: 2278 | D11: 1340 | E11: =LN(B11) | F11: =LN(C11) | G11: =LN(D11) | H11: =E11-G11 | I11: =F11-G11
A12: 7 | B12: 2430 | C12: 2380 | D12: 1700 | E12: =LN(B12) | F12: =LN(C12) | G12: =LN(D12) | H12: =E12-G12 | I12: =F12-G12
A13: 8 | B13: 2530 | C13: 2437 | D13: 1860 | E13: =LN(B13) | F13: =LN(C13) | G13: =LN(D13) | H13: =E13-G13 | I13: =F13-G13
A14: 9 | B14: 2550 | C14: 2446 | D14: 1880 | E14: =LN(B14) | F14: =LN(C14) | G14: =LN(D14) | H14: =E14-G14 | I14: =F14-G14
A15: 10 | B15: 2450 | C15: 2403 | D15: 1790 | E15: =LN(B15) | F15: =LN(C15) | G15: =LN(D15) | H15: =E15-G15 | I15: =F15-G15
A16: 11 | B16: 2290 | C16: 2301 | D16: 1480 | E16: =LN(B16) | F16: =LN(C16) | G16: =LN(D16) | H16: =E16-G16 | I16: =F16-G16
A17: 12 | B17: 2160 | C17: 2253 | D17: 1240 | E17: =LN(B17) | F17: =LN(C17) | G17: =LN(D17) | H17: =E17-G17 | I17: =F17-G17
... A20: 15 | B20: 2590 | C20: 2470 | D20: 2000 | E20: =LN(B20) | F20: =LN(C20) | G20: =LN(D20) | H20: =E20-G20 | I20: =F20-G20
A22: Источник: Сборник задач к начальному курсу эконометрики (РАНХиГС), табл. 4.19.
A23: ln L и ln K стоят рядом: так их можно сразу отдать ЛИНЕЙН и Пакету анализа.

Sheet 1) Без ограничения
A1: 1) Модель без ограничения (из задачи 4.17)
A2: Модель: ln Q = ln α + β1·ln L + β2·ln K + ε. ЛИНЕЙН по двум соседним столбцам ln L и ln K.
A4: n | B4: =COUNT(Данные!$E$6:$E$20)
A5: k — число параметров | B5: 3
A6: n − k | B6: =B4-B5
A8: Переменная | B8: Коэффициент | C8: Ст. ошибка | D8: t-статистика | E8: P-значение
A9: const = ln α | B9: =INDEX(LINEST(Данные!$E$6:$E$20,Данные!$F$6:$G$20,TRUE,TRUE),1,3) | C9: =INDEX(LINEST(Данные!$E$6:$E$20,Данные!$F$6:$G$20,TRUE,TRUE),2,3) | D9: =B9/C9 | E9: =TDIST(ABS(D9),$B$6,2)
A10: ln L (β1) | B10: =INDEX(LINEST(Данные!$E$6:$E$20,Данные!$F$6:$G$20,TRUE,TRUE),1,2) | C10: =INDEX(LINEST(Данные!$E$6:$E$20,Данные!$F$6:$G$20,TRUE,TRUE),2,2) | D10: =B10/C10 | E10: =TDIST(ABS(D10),$B$6,2)
A11: ln K (β2) | B11: =INDEX(LINEST(Данные!$E$6:$E$20,Данные!$F$6:$G$20,TRUE,TRUE),1,1) | C11: =INDEX(LINEST(Данные!$E$6:$E$20,Данные!$F$6:$G$20,TRUE,TRUE),2,1) | D11: =B11/C11 | E11: =TDIST(ABS(D11),$B$6,2)
A13: R² | B13: =INDEX(LINEST(Данные!$E$6:$E$20,Данные!$F$6:$G$20,TRUE,TRUE),3,1)
A14: R²adj | B14: =1-(B4-1)/(B4-B5)*(1-B13) | C14: 1 − (n − 1)/(n − k)·(1 − R²)
A15: ESS = Σe² | B15: =INDEX(LINEST(Данные!$E$6:$E$20,Данные!$F$6:$G$20,TRUE,TRUE),5,2)
A16: F | B16: =B13/(1-B13)*(B4-B5)/(B5-1) | C16: F = R²/(1 − R²) · (n − k)/(k − 1)
A17: F критическое (5 %) | B17: =FINV(0.05,B5-1,B4-B5)
A18: t критическое (5 %) | B18: =TINV(0.05,B6) | C18: =СТЬЮДРАСПОБР(0,05; n − k)
A19: α = e^const | B19: =EXP(B9)

Sheet 2) С ограничением
A1: 2) Модель с ограничением β1 + β2 = 1
A2: Подставляем β2 = 1 − β1: ln(Q/K) = ln α + β1·ln(L/K) + ε. Остался один регрессор.
A3: n | B3: =COUNT(Данные!$E$6:$E$20)
A5: ln(Q/K) на ln(L/K)
A6: Переменная | B6: Коэффициент | C6: Ст. ошибка | D6: t-статистика | E6: P-значение
A7: const | B7: =INDEX(LINEST(Данные!$H$6:$H$20,Данные!$I$6:$I$20,TRUE,TRUE),1,2) | C7: =INDEX(LINEST(Данные!$H$6:$H$20,Данные!$I$6:$I$20,TRUE,TRUE),2,2) | D7: =B7/C7 | E7: =TDIST(ABS(D7),$B$3-2,2)
A8: ln(L/K) | B8: =INDEX(LINEST(Данные!$H$6:$H$20,Данные!$I$6:$I$20,TRUE,TRUE),1,1) | C8: =INDEX(LINEST(Данные!$H$6:$H$20,Данные!$I$6:$I$20,TRUE,TRUE),2,1) | D8: =B8/C8 | E8: =TDIST(ABS(D8),$B$3-2,2)
A9: R² | B9: =RSQ(Данные!$H$6:$H$20,Данные!$I$6:$I$20) | C9: =КВПИРСОН(y; x)
A10: R²adj | B10: =1-($B$3-1)/($B$3-2)*(1-B9) | C10: 1 − (n − 1)/(n − k)·(1 − R²)
A11: ESS = Σe² | B11: =INDEX(LINEST(Данные!$H$6:$H$20,Данные!$I$6:$I$20,TRUE,TRUE),5,2) | C11: пятая строка ЛИНЕЙН, справа — остаточная сумма
A15: Оценки параметров
A16: β1 | B16: =B8
A17: β2 = 1 − β1 | B17: =1-B16
A18: α = e^const | B18: =EXP(B7)
A19: s(β1) без ограничения | B19: ='1) Без ограничения'!C10
A20: s(β1) с ограничением | B20: =C8
A21: Во сколько раз точнее | B21: =B19/B20

Sheet 3) F-тест
A1: 3) Проверка ограничения β1 + β2 = 1
A2: H₀: β1 + β2 = 1. Сравниваются остаточные суммы: зависимые переменные разные (ln Q и ln(Q/K)), поэтому R² сравнивать нельзя.
A4: ESS_R (с ограничением) | B4: ='2) С ограничением'!B11
A5: ESS_UR (без ограничения) | B5: ='1) Без ограничения'!B15
A6: q — число ограничений | B6: 1
A7: n − k | B7: ='1) Без ограничения'!B6
A8: F | B8: =((B4-B5)/B6)/(B5/B7) | D8: F = ((ESS_R − ESS_UR)/q) / (ESS_UR/(n − k))
A9: F критическое (5 %) | B9: =FINV(0.05,B6,B7) | D9: =FРАСПОБР(0,05; q; n − k)
A10: P-значение | B10: =FDIST(B8,B6,B7)
A11: Вывод | B11: =IF(B8>B9,"H₀ отвергается","H₀ не отвергается: отдача постоянная")
A13: Почему R² сравнивать нельзя
A14: TSS для ln Q | B14: =DEVSQ(Данные!$E$6:$E$20) | D14: =КВАДРОТКЛ(lnQ)
A15: TSS для ln(Q/K) | B15: =DEVSQ(Данные!$H$6:$H$20)
A16: R² без ограничения | B16: ='1) Без ограничения'!B13
A17: R² с ограничением | B17: ='2) С ограничением'!B9
A19: R² с ограничением больше, хотя ограничение не может улучшить подгонку: у моделей разные TSS.
