Workbook

Sheet Данные
A1: Задача 4.17. Производственная функция Кобба–Дугласа
A2: Синий шрифт — исходные данные из условия; чёрный — формулы; зелёный — ссылки на другие листы.
A3: Вопрос: оценить Q = α·L^β1·K^β2, найти R², R²adj и корреляцию ln L и ln K; затем регрессия ln Q только на ln K.
A5: Фирма | B5: Q | C5: L | D5: K | E5: ln Q | F5: ln L | G5: ln K
A6: 1 | B6: 2350 | C6: 2334 | D6: 1570 | E6: =LN(B6) | F6: =LN(C6) | G6: =LN(D6)
A7: 2 | B7: 2470 | C7: 2425 | D7: 1850 | E7: =LN(B7) | F7: =LN(C7) | G7: =LN(D7)
A8: 3 | B8: 2110 | C8: 2230 | D8: 1150 | E8: =LN(B8) | F8: =LN(C8) | G8: =LN(D8)
A9: 4 | B9: 2560 | C9: 2463 | D9: 1940 | E9: =LN(B9) | F9: =LN(C9) | G9: =LN(D9)
A10: 5 | B10: 2650 | C10: 2565 | D10: 2450 | E10: =LN(B10) | F10: =LN(C10) | G10: =LN(D10)
A11: 6 | B11: 2240 | C11: 2278 | D11: 1340 | E11: =LN(B11) | F11: =LN(C11) | G11: =LN(D11)
A12: 7 | B12: 2430 | C12: 2380 | D12: 1700 | E12: =LN(B12) | F12: =LN(C12) | G12: =LN(D12)
A13: 8 | B13: 2530 | C13: 2437 | D13: 1860 | E13: =LN(B13) | F13: =LN(C13) | G13: =LN(D13)
A14: 9 | B14: 2550 | C14: 2446 | D14: 1880 | E14: =LN(B14) | F14: =LN(C14) | G14: =LN(D14)
A15: 10 | B15: 2450 | C15: 2403 | D15: 1790 | E15: =LN(B15) | F15: =LN(C15) | G15: =LN(D15)
A16: 11 | B16: 2290 | C16: 2301 | D16: 1480 | E16: =LN(B16) | F16: =LN(C16) | G16: =LN(D16)
A17: 12 | B17: 2160 | C17: 2253 | D17: 1240 | E17: =LN(B17) | F17: =LN(C17) | G17: =LN(D17)
... A20: 15 | B20: 2590 | C20: 2470 | D20: 2000 | E20: =LN(B20) | F20: =LN(C20) | G20: =LN(D20)
A22: Источник: Сборник задач к начальному курсу эконометрики (РАНХиГС), табл. 4.19.
A23: ln L и ln K стоят рядом: так их можно сразу отдать ЛИНЕЙН и Пакету анализа.

Sheet а) Кобб–Дуглас
A1: а) ln Q на ln L и ln K
A2: Модель: ln Q = ln α + β1·ln L + β2·ln K + ε. ЛИНЕЙН по двум соседним столбцам ln L и ln K.
A4: n | B4: =COUNT(Данные!$E$6:$E$20)
A5: k — число параметров | B5: 3
A6: n − k | B6: =B4-B5
A8: Переменная | B8: Коэффициент | C8: Ст. ошибка | D8: t-статистика | E8: P-значение
A9: const = ln α | B9: =INDEX(LINEST(Данные!$E$6:$E$20,Данные!$F$6:$G$20,TRUE,TRUE),1,3) | C9: =INDEX(LINEST(Данные!$E$6:$E$20,Данные!$F$6:$G$20,TRUE,TRUE),2,3) | D9: =B9/C9 | E9: =TDIST(ABS(D9),$B$6,2)
A10: ln L (β1) | B10: =INDEX(LINEST(Данные!$E$6:$E$20,Данные!$F$6:$G$20,TRUE,TRUE),1,2) | C10: =INDEX(LINEST(Данные!$E$6:$E$20,Данные!$F$6:$G$20,TRUE,TRUE),2,2) | D10: =B10/C10 | E10: =TDIST(ABS(D10),$B$6,2)
A11: ln K (β2) | B11: =INDEX(LINEST(Данные!$E$6:$E$20,Данные!$F$6:$G$20,TRUE,TRUE),1,1) | C11: =INDEX(LINEST(Данные!$E$6:$E$20,Данные!$F$6:$G$20,TRUE,TRUE),2,1) | D11: =B11/C11 | E11: =TDIST(ABS(D11),$B$6,2)
A13: R² | B13: =INDEX(LINEST(Данные!$E$6:$E$20,Данные!$F$6:$G$20,TRUE,TRUE),3,1)
A14: R²adj | B14: =1-(B4-1)/(B4-B5)*(1-B13) | C14: 1 − (n − 1)/(n − k)·(1 − R²)
A15: ESS = Σe² | B15: =INDEX(LINEST(Данные!$E$6:$E$20,Данные!$F$6:$G$20,TRUE,TRUE),5,2)
A16: F | B16: =B13/(1-B13)*(B4-B5)/(B5-1) | C16: F = R²/(1 − R²) · (n − k)/(k − 1)
A17: F критическое (5 %) | B17: =FINV(0.05,B5-1,B4-B5)
A18: t критическое (5 %) | B18: =TINV(0.05,B6) | C18: =СТЬЮДРАСПОБР(0,05; n − k)
A19: α = e^const | B19: =EXP(B9)
A21: r(ln L, ln K) | B21: =CORREL(Данные!$F$6:$F$20,Данные!$G$6:$G$20) | C21: =КОРРЕЛ(lnL; lnK)
A22: VIF = 1/(1 − r²) | B22: =1/(1-B21^2) | C22: > 10 — серьёзная мультиколлинеарность
A24: Значимость β1 | B24: =IF(ABS(D10)>B18,"значим","незначим")
A25: Значимость β2 | B25: =IF(ABS(D11)>B18,"значим","незначим")
A27: Регрессия в целом значима (F ≫ F крит.), R² ≈ 0,97, а ни одна эластичность не значима: ln L и ln K почти линейно связаны.

Sheet б) Только ln K
A1: б) ln Q только на ln K
A2: Коэффициент значим, R² почти не изменился. Но это не эластичность по капиталу: он включает и эффект труда.
A3: n | B3: =COUNT(Данные!$E$6:$E$20)
A5: ln Q на ln K
A6: Переменная | B6: Коэффициент | C6: Ст. ошибка | D6: t-статистика | E6: P-значение
A7: const | B7: =INDEX(LINEST(Данные!$E$6:$E$20,Данные!$G$6:$G$20,TRUE,TRUE),1,2) | C7: =INDEX(LINEST(Данные!$E$6:$E$20,Данные!$G$6:$G$20,TRUE,TRUE),2,2) | D7: =B7/C7 | E7: =TDIST(ABS(D7),$B$3-2,2)
A8: ln K | B8: =INDEX(LINEST(Данные!$E$6:$E$20,Данные!$G$6:$G$20,TRUE,TRUE),1,1) | C8: =INDEX(LINEST(Данные!$E$6:$E$20,Данные!$G$6:$G$20,TRUE,TRUE),2,1) | D8: =B8/C8 | E8: =TDIST(ABS(D8),$B$3-2,2)
A9: R² | B9: =RSQ(Данные!$E$6:$E$20,Данные!$G$6:$G$20) | C9: =КВПИРСОН(y; x)
A10: R²adj | B10: =1-($B$3-1)/($B$3-2)*(1-B9) | C10: 1 − (n − 1)/(n − k)·(1 − R²)
A11: ESS = Σe² | B11: =INDEX(LINEST(Данные!$E$6:$E$20,Данные!$G$6:$G$20,TRUE,TRUE),5,2) | C11: пятая строка ЛИНЕЙН, справа — остаточная сумма
A15: Короткая и длинная регрессии
A16: δ — наклон ln L на ln K | B16: =SLOPE(Данные!$F$6:$F$20,Данные!$G$6:$G$20) | C16: =НАКЛОН(lnL; lnK)
A17: β2 + β1·δ | B17: ='а) Кобб–Дуглас'!B11+'а) Кобб–Дуглас'!B10*B16
A18: наклон ln Q на ln K | B18: =B8 | C18: совпадает с β2 + β1·δ
